model,RMSE,MAE
Global Average Baseline,1.0521718234993689,0.8416355471238094
Movie Average Baseline,0.9579860972392172,0.7435927722836977
User Average Baseline,1.0870035178123283,0.8341051490713216
Combined User-Movie Average Baseline,0.94820447731805,0.7398819980903857
Neural Collaborative Filtering,0.9855596423149109,0.7756730318069458
